suspect_word,correct_word,,
cwus,,,
memangnya,memang,,
tolonglah,tolong,,
cb,coba,,
jpg,jepang,,
jakpus,jakarta pusat,,
sminggu,seminggu,,
tlng,tolong,,
darri,dari,,
sekaliini,sekali ini,,
borok,bobrok,,
hoak,hoax,,
dijawb,dijawab,,
terterah,tertera,,
menjd,menjadi,,
setannya,hantunya,,
ketularan,tertular,,
sangaaattt,sangat,,
sangaat,sangat,,
kecewaaa,kecewa,,
ngmong,berbicara,,
knpa,kenapa,,
skarang,sekarang,,
brang,barang,,
kmna,ke mana,,
brsangkutan,bersangkutan,,
brsikap,bersikap,,
bodo,bodoh,,
cn,,,
ktsh,,,
idjkta,,,
tindaklanjutin,menindaklanjuti,,
blg,mengatakan,,
ind,indonesia,,
customernya,pelanggannya,,
sebab,karena,,
nlpn,telepon,,
ujan,hujan,,
yng,yang,,
lntai,lantai,,
kapanpun,kapan pun,,
pemerintag,pemerintah,,
mamah,ibu,,
pki,,,
lmbat,lambat,,
dijakarta,di jakarta,,
managemen,manajemen,,
ulangpun,ulang pun,,
telpnya,teleponnya,,
konco,teman,,
konconya,temannya,,
kmn,ke mana,,
nanyain,menanyakan,,
hrsnya,seharusnya,,
br,baru,,
kel,,,
nimbang,menimbang,,
mandiin,memandikan,,
nyuapin,menyuapi,,
sn,,,
coklat,cokelat,,
nyebrang,menyeberang,,
sarankannya,sarannya,,
masyaallah,masya Allah,,
krj,kerja,,
kt,kita,,
payanan,pelayanan,,
dipertimbanhkan,dipertimbangkan,,
berapapun,berapa pun,,
nampang,muncul,,
keknya,kayaknya,,
ngakunya,mengaku,,
nyempetin,menyempatkan,,
untk,untuk,,
brt,berat,,
bp,bapak,,
kado,hadiah,,
numbernya,nomornya,,
verynice,,,
dikash,dikasih,,
mengesalkan,menyebalkan,,
ngalamin,mengalami,,
burulk,buruk,,
selese,selesai,,
kedubrak,,,
exspress,ekspres,,
perna,pernah,,
payahhhhh,payah,,
bnyak,banyak,,
posindonesia,pos indonesia,,
moga,semoga,,
khusu,khusus,,
kntr,kantor,,
spt,seperti,,
nyuruh,menyuruh,,
yasudah,ya sudah,,
nolak,menolak,,
adukan,mengadukan,,
tlf,telepon,,
cobo,coba,,
poa,pos,,
asa,ada,,
negata,negara,,
usa,,,
proaea,proses,,
td,tadi,,
jwb,jawab,,
batang,barang,,
pengalam,pengalaman,,
benerin,memperbaiki,,
indoanesia,indonesia,,
posgiro,pos giro,,
bsknyanya,besoknya,,
keesookan,keesokan,,
ktaya,katanya,,
pngrman,pengiriman,,
gimna,bagaimana,,
sdngkan,sedangkan,,
bner,benar,,
bangt,banget,,
hufttt,,,
sdah,sudah,,
telfn,telepon,,
treak,teriak,,
sayangkan,menyayangkan,,
dihubungin,dihubungi,,
bangetttt,banget,,
nyoba,mencoba,,
jasi,jadi,,
custemer,pelanggan,,
menungu,menunggu,,
diriject,ditolak,,
nghabisin,menghabiskan,,
saranin,menyarankan,,
datengin,mendatangi,,
sampw,sampai,,
php,dibuat kecewa,,
inj,ini,,
parahhhh,parah,,
konsistennn,konsisten,,
hahahahahahhaha,,,
mna,mana,,
pmbritahuan,pemberitahuan,,
ajh,saja,,
frofeaional,profesional,,
bkin,bikin,,
kcewa,kecewa,,
antr,antre,,
reviewnya,ulasannya,,
bangett,banget,,
ultah,ulang tahun,,
ponakan,keponakan,,
costomer,pelanggan,,
ngejawaab,menjawab,,
ketibang,ketimbang,,
alhasilnya,alhasil,,
sambung,menyambung,,
nyebelin,menyebalkan,,
hahaha,,,
ngegas,galak,,
sblm,sebelum,,
sampay,sampai,,
skrang,sekarang,,
klu,kalau,,
tlvn,telepon,,
biarin,biarkan,,
pertma,pertama,,
mgunakan,menggunakan,,
atu,atau,,
tlfn,telepon,,
akn,akan,,
ternyta,ternyata,,
sekrng,sekarang,,
hmpir,hampir,,
menngecewakan,mengecewakan,,
dihantar,dikirim,,
alasanya,alasannya,,
melaporkanya,melaporkannya,,
pelayananan,pelayanan,,
xpdc,ekspedisi,,
ngantrinya,antreannya,,
hrus,harus,,
cpetan,cepatan,,
ngantern,mengantarkan,,
pelanggang,pelanggan,,
custmer,pelanggan,,
dtang,datang,,
kitiman,kiriman,,
malaes,malas,,
ngantar,mengantar,,
ahhh,,,
kesitu,ke situ,,
beangnya,barangnya,,
hadeh,,,
bimtang,bintang,,
kka,kakak,,
sampaiiiiiiiiiii,sampai,,
perusaan,perusahaan,,
cma,cuma,,
pantengin,memantau,,
kelarnya,selesainya,,
resek,rese,,
bnget,banget,,
dipindah,dipindahkan,,
sapai,sampai,,
atw,atau,,
kecewe,kecewa,,
pelananan,pelayanan,,
mastiin,memastikan,,
dirmh,di rumah,,
dicantumin,dicantumkan,,
dimanfaatin,dimanfaatkan,,
ky,kayak,,
lol,,,
ngancem,mengancam,,
dibalikin,dikembalikan,,
relain,,,
siangan,kesiangan,,
teruntuk,untuk,,
bngung,bingung,,
jawabanya,jawabannya,,
ngedrop,turun,,
sth,datang,,
berbelas,belasan,,
jokwi,jokowi,,
simten,sistem,,
msih,masih,,
mlayani,melayani,,
hny,hanya,,
ampunn,ampun,,
nyerah,menyerah,,
belasa,belasan,,
ntapi,tetapi,,
layanin,melayani,,
ngg,tidak,,
dh,sudah,,
kecwa,kecewa,,
sanah,sana,,
lengkapny,lengkapnya,,
mb,kakak,,
bahakn,bahkan,,
mbnya,kakaknya,,
dalm,dalam,,
menjumpahi,menjumpai,,
pertanya,pertanyaan,,
kosumenya,konsumennya,,
jumpahi,jumpai,,
perkerja,pekerja,,
seorng,seorang,,
kosumen,konsumen,,
bagimana,bagaimana,,
perkerjaan,pekerjaan,,
seharus,seharusnya,,
mudahhan,mudah-mudahan,,
berjumpah,berjumpa,,
sarat,syarat,,
menunjukan,menunjukkan,,
barng,barang,,
daridlu,dari dulu,,
dikarung,dikarungi,,
ninggalin,meninggalkan,,
woyyyyyy,,,
dtrima,diterima,,
ats,atas,,
nma,nama,,
nm,nama,,
tlfon,telepon,,
tnya,tanya,,
slh,salah,,
duani,dunia,,
seh,sih,,
endonesah,indonesia,,
ngendep,mengendap,,
dkt,dekat,,
sprt,seperti,,
hours,,,
didatengin,didatangi,,
tandatangan,tanda tangan,,
astagaaa,astaga,,
diselipin,diselipkan,,
ngaku,mengaku,,
belit,berbelit,,
ekpres,ekspres,,
ajah,saja,,
jlan,jalan,,
dtggu,ditunggu,,
sayamalah,saya malah,,
dkembalikan,dikembalikan,,
brng,barang,,
tel,telepon,,
jakut,jakarta utara,,
orderan,pesanan,,
dihandle,ditangani,,
hiks,,,
ketidak,tidak,,
profesionalan,profesional,,
dianterin,diantarkan,,
kenpa,kenapa,,
soaly,soalnya,,
ngatur,mengatur,,
jaktim,jakarta timur,,
mislkan,misalkan,,
dayamurni,daya murni,,
trmksh,terima kasih,,
sampeknya,sampainya,,
woi,,,
ngomongnya,bicaranya,,
stgh,setengah,,
inu,ini,,
letoy,lemah,,
wasalam,,,
penguna,pengguna,,
menyepelekan,meremehkan,,
custumer,pelanggan,,
ktne,katanya,,
krjaan,kerjaan,,
dibelakng,di belakang,,
lma,lama,,
krjnya,kerjanya,,
dipelayanan,di pelayanan,,
eksoedisi,ekspedisi,,
jenggot,berjenggot,,
feb,februari,,
tunjukan,tunjukkan,,
diomongkan,dibicarakan,,
sekonyol,sebodoh,,
kaa,kakak,,
pengirimin,pengiriman,,
ngirimnya,mengirimnya,,
sekenanya,seenaknya,,
komplek,kompleks,,
dirumab,di rumah,,
mandeg,berhenti,,
payaaaaaaaaaahhhhh,payah,,
sloooww,lambat,,
westrn,western,,
pasport,paspor,,
maunya,inginnya,,
apasi,apa sih,,
sesibuknya,sesibuk apa pun,,
didiemin,didiamkan,,
toh,,,
bsk,besok,,
goblokk,bodoh,,
bangeeet,banget,,
yaudah,ya sudah,,
lu,kamu,,
yaak,ya,,
kenkantornya,ke kantornya,,
superr,super,,
lemottt,lambat,,
ayok,ayo,,
kerjnya,kerjanya,,
disamperin,didatangi,,
ganiat,tidak niat,,
diinepin,diinapkan,,
bwa,bawa,,
pketnya,paketnya,,
pelayanaan,pelayanan,,
sii,si,,
ditelponin,ditelepon,,
bedebah,bajingan,,
metrai,materai,,
parkirin,parkirkan,,
sokan,sok,,
ngapalin,menghafal,,
nanyabaik,tanya baik-baik,,
jls,jelas,,
blng,bilang,,
brmasalah,bermasalah,,
herannnn,heran,,
kterangan,keterangan,,
slesai,selesai,,
mnding,mending,,
ttup,tutup,,
ngerugiin,merugikan,,
nmr,nomor,,
pepe,,,
kusus,khusus,,
gausah,tidak usah,,
expeddisi,ekspedisi,,
liatnya,melihatnya,,
mngrim,mengirim,,
brgnya,barangnya,,
byar,bayar,,
lmpung,lampung,,
helo,halo,,
tdi,tadi,,
le,,,
kagabakal,tidak akan,,
kepos,ke pos,,
histori,riwayat,,
kmrin,kemarin,,
bru,baru,,
hnya,hanya,,
seling,selang,,
pengelaman,pengalaman,,
sni,sini,,
gtu,begitu,,
dng,dengan,,
cutomer,pelanggan,,
berdasar,berdasarkan,,
trima,terima,,
syistem,sistem,,
jng,jangan,,
bsa,bisa,,
judessss,judes,,
nmor,nomor,,
nongol,muncul,,
websitenya,situs webnya,,
layananya,layanannya,,
sep,september,,
belain,bela,,
dikomplen,dikomplain,,
bdg,bandung,,
pertanggung,pertanggungjawaban,,
trnyata,ternyata,,
pliz,tolong,,
ngendon,berdiam diri,,
bnr,benar,,
rekommend,rekomendasi,,
almt,alamat,,
cewakan,kecewakan,,
servicesnya,pelayanannya,,
jamuran,berjamur,,
ijasah,ijazah,,
kalu,kalau,,
nyediain,menyediakan,,
maketin,mengirimkan paket,,
coooooooo,,,
seninnya,hari seninnya,,
pakrt,paket,,
sdg,sedang,,
mnt,menit,,
tlg,tolong,,
pelayananx,pelayanannya,,
merespon,menanggapi,,
penginputan,pengisian data,,
skr,sekarang,,
enimasi,estimasi,,
pkai,pakai,,
kmrn,kemarin,,
ktanya,katanya,,
komplen,komplain,,
qty,jumlah,,
diperbaikilah,diperbaiki,,
dhalim,zalim,,
buble,bubble,,
memparbaiki,memperbaiki,,
bagai,seperti,,
ntr,nanti,,
jamaan,zaman,,
kelamaan,terlalu lama,,
gadapet,tidak dapat,,
haduuh,aduh,,
lamaaaaaaaaaaaaaaaa,lama,,
tambahin,tambahkan,,
excelent,excellent,,
ancur,hancur,,
pantesnya,sepantasnya,,
efesiensi,efisiensi,,
selembaran,selebaran,,
copi,salinan,,
numpuk,menumpuk,,
seenggaknya,setidaknya,,
astagfirullah,astaghfirullah,,
boking,pemesanan,,
bgttttttt,sangat,,
lapngan,lapangan,,
kmana,ke mana,,
pmbayaran,pembayaran,,
pmbyrn,pembayaran,,
dkasih,dikasih,,
antebin,awasi,,
ibukota,ibu kota,,
kga,tidak,,
kelar,selesai,,
perbaikinya,memperbaikinya,,
ngejawabnya,menjawabnya,,
pengirimn,pengiriman,,
ngapaen,ngapain,,
yantumin,cantumkan,,
kalaw,kalau,,
dibetulkan,diperbaiki,,
irang,orang,,
didalamnya,di dalamnya,,
imagenya,gambarnya,,
dibuku,di buku,,
payahh,payah,,
pahal,padahal,,
dijam,di jam,,
karyawanya,karyawannya,,
ccd,,,
ngentddd,,,
bgtttt,sangat,,
bgttt,sangat,,
berkendala,mengalami kendala,,
pengiram,pengiriman,,
lwt,lewat,,
dkembalikn,dikembalikan,,
kpngirim,ke pengirim,,
pdhln,padahal,,
trlebih,terlebih,,
pryanan,pelayanan,,
tidk,tidak,,
prosesional,profesional,,
panjer,panjar,,
cecar,mencecar,,
kirain,kiranya,,
elah,,,
nyampenny,sampainya,,
perush,perusahaan,,
benernya,sebenarnya,,
siaaalaan,sialan,,
biayain,membiayai,,
gaaak,tidak,,
bangettt,sangat,,
nympe,sampai,,
nemu,menemukan,,
sogok,suap,,
udahlah,sudahlah,,
batalin,batalkan,,
bangat,sangat,,
memuas,memuaskan,,
masukin,masukkan,,
karunhg,karung,,
dtelponin,ditelepon,,
swtiap,setiap,,
stiap,setiap,,
hadeuhh,aduh,,
kevewa,kecewa,,
jwab,jawab,,
ditelfonin,ditelepon,,
bgst,,,
haduuuh,aduh,,
maluuuu,malu,,
aduhhh,aduh,,
sihh,sih,,
tf,transfer,,
denga,dengan,,
omelin,memarahi,,
gimma,bagaimana,,
pengumungan,pengumuman,,
meh,,,
pengirima,pengiriman,,
tlpnya,teleponnya,,
haduh,aduh,,
keringet,keringat,,
digeletakin,diletakkan,,
ambyarr,berantakan,,
bro,,,
semingguan,sekitar seminggu,,
pintuny,pintunya,,
slalu,selalu,,
dibilangnya,katanya,,
yaampun,ya ampun,,
cupu,payah,,
coi,,,
unsuccessfull,,,
nyampainya,sampainya,,
ogahan,enggan,,
lphk,laporan pengaduan,,
rumahku,rumah saya,,
perum,perumahan,,
aza,saja,,
marketingnya,pemasaran,,
sani,sana,,
ikutin,ikuti,,
anjing,,,
gegara,gara gara,,
pbg,pengambilan barang,,
mksudnya,maksudnya,,
mbok,,,
intelegence,intelijen,,
cakep,tampan,,
efisian,efisien,,
ampol,ampun,,
kuiansi,kuitansi,,
ngaco,ngawur,,
mbanya,ibunya,,
ngenakin,enak,,
lagian,lagipula,,
srh,suruh,,
ngeposin,mengirim,,
rd,,,
ditraining,dilatih,,
primanya,utamanya,,
ja,saja,,
alloh,Allah,,
diridhoi,diridai,,
recomend,rekomendasi,,
kapokk,kapok,,
engk,tidak,,
masuh,masih,,
bayarin,membayari,,
ente,kamu,,
nyantol,tersangkut,,
parahhhhh,parah,,
ups,,,
ruwet,rumit,,
sayya,saya,,
webchat,,,
whaatt,,,
postingan,unggahan,,
pda,pada,,
kmren,kemarin,,
bosok,busuk,,
smrg,semarang,,
dikrim,dikirim,,
tlpun,telepon,,
dhbgi,dihubungi,,
prosesnyaa,prosesnya,,
paketanku,paketku,,
haruse,harusnya,,
lha,lah,,
sebenere,sebenarnya,,
ki,ini,,
karyawane,karyawannya,,
takyat,rakyat,,
msk,masuk,,
bareng,bersama,,
kkenapa,kenapa,,
pesenan,pesanan,,
dhhbungi,dihubungi,,
sudh,sudah,,
sekrg,sekarang,,
dikriim,dikirim,,
kpd,kepada,,
mw,mau,,
buanget,banget,,
mlng,malang,,
nyampai,sampai,,
mmg,memang,,
jauhhh,jauh,,
xlipat,sepuluh kali,,
diketemukan,ditemukan,,
digudang,di gudang,,
dngn,dengan,,
tokped,tokopedia,,
apaa,apa,,
yaaa,ya,,
btw,,,
pelayaanan,pelayanan,,
ter,,,
bangke,bangkai,,
baso,bakso,,
cuyy,,,
dibilangin,diberi tahu,,
dituliss,ditulis,,
begooo,bodoh,,
grgr,gara gara,,
kepotong,terpotong,,
puksa,pulsa,,
bubarin,bubarkan,,
ajalah,saja lah,,
opo,apa,,
iki,ini,,
nginput,memasukkan,,
ngerokok,merokok,,
neh,,,
materaiii,materai,,
cuiuui,cuek,,
sepiiii,sepi,,
infokan,informasikan,,
trimakasih,terima kasih,,
dtimbun,ditimbun,,
smpek,sampai,,
maslah,masalah,,
cmn,cuma,,
alsan,alasan,,
orgnya,orangnya,,
ketok,ketuk,,
dengerin,dengarkan,,
dulualah,dulu lah,,
padahl,padahal,,
suru,suruh,,
anu,sesuatu,,
ono,ada,,
bayarrrr,bayar,,
gaaaaa,tidak,,
gratisssss,gratis,,
terparah,paling parah,,
taik,kotoran,,
nyobain,mencoba,,
dikecewain,dikecewakan,,
memperlakulan,memperlakukan,,
bnyk,banyak,,
ngelola,mengelola,,
mls,malas,,
dalem,dalam,,
dkit,sedikit,,
kurirny,kurirnya,,
kendor,kendur,,
kemanaaaaaa,ke mana,,
hadeuhhh,aduh,,
aturankan,aturkah,,
laa,,,
pedhalkan,pedal kan,,
sayakan,saya kan,,
jadiin,jadikan,,
okt,oktober,,
menelp,menelepon,,
expired,expired,,
berfikir,berpikir,,
ternyaa,ternyata,,
songong,sombong,,
doank,saja,,
madih,masih,,
anjir,,,
lhh,,,
gx,tidak,,
asw,,,
kemis,kamis,,
ddistribusinya,distribusinya,,
oy,,,
dodol,bodoh,,
ditangerang,di tangerang,,
diakun,di akun,,
shope,shopee,,
menau,entah,,
dimna,di mana,,
ngepos,mengirim,,
kearah,ke arah,,
kustomer,pelanggan,,
dongkol,kesal,,
asalan,asal-asalan,,
siapapun,siapa pun,,
custumor,pelanggan,,
playanya,pelayanannya,,
nexday,nextday,,
perbaikilh,perbaikilah,,
jngn,jangan,,
kecewakn,kecewakan,,
dioper,dioperkan,,
ekpedisi,ekspedisi,,
menginput,memasukkan,,
tujyan,tujuan,,
ybs,yang bersangkutan,,
drpd,daripada,,
scra,secara,,
susahhh,susah,,
dianggep,dianggap,,
trening,pelatihan,,
qoo,kok,,
ads,,,
blagak,sok,,
kebelakang,ke belakang,,
kucuk,kecil,,
helloo,,,
katannya,katanya,,
hadeuuhh,aduh,,
namu,namun,,
dihub,dihubungi,,
ttg,tentang,,
servisnya,pelayanannya,,
trackingnya,pelacakannya,,
diwarung,di warung,,
tarifparkirmemanggakkenalmanamotorbagusmotorjelek,tarif parkir memang tak kenal nama motor bagus motor jelek,,
sampaii,sampai,,
pengirimanya,pengirimannya,,
nyairin,mencairkan,,
ekpresi,ekspresi,,
laki,laki-laki,,
kebetulannya,kebetulan,,
andapun,Anda pun,,
jumawanya,sombongnya,,
capeknya,lelahnya,,
malih,malah,,
kasi,kasih,,
sequrity,sekuriti,,
myenangkann,menyenangkan,,
peket,paket,,
kapetakan,keterlambatan,,
samoe,sampai,,
aoa,apa,,
stlah,setelah,,
ap,apa,,
wes,sudah,,
mk,maka,,
ngelawak,melawak,,
nahan,menahan,,
khus,khusus,,
kenyataanya,kenyataannya,,
ngendap,mengendap,,
payaaahh,payah,,
pkek,pakai,,
baruu,baru,,
datengnya,datangnya,,
kecawa,kecewa,,
gadateng,tidak datang,,
woooeww,,,
kordinasi,koordinasi,,
documennya,dokumennya,,
gilllaaa,gila,,
terburukk,terburuk,,
hadehhhh,aduh,,
jngan,jangan,,
gimanah,bagaimana,,
ngemis,mengemis,,
invoce,invoice,,
malesss,malas,,
suda,sudah,,
tg,tanggal,,
propinsi,provinsi,,
diupdate,diperbarui,,
ktika,ketika,,
centr,center,,
tlponya,teleponnya,,
dibenah,dibenahi,,
sebener,sebenarnya,,
becus,mampu,,
msa,masa,,
lw,kalau,,
kouta,kuota,,
maen,main,,
paksain,paksakan,,
nyusahin,menyusahkan,,
manyun,cemberut,,
belagu,sombong,,
cyde,,,
rxde,,,
komen,komentar,,
segingga,sehingga,,
dmana,di mana,,
secuity,sekuriti,,
cewek,perempuan,,
betele,batal,,
ditotal,dihitung total,,
skitar,sekitar,,
bebagai,berbagai,,
mgkn,mungkin,,
dijalan,di jalan,,
dihadapan,di hadapan,,
banar,benar,,
blacklist,blok,,
flistone,,,
gmana,bagaimana,,
dibekalin,dibekali,,
dipake,dipakai,,
maluin,mempermalukan,,
nhii,ini,,
bertele,bertele-tele,,
ojol,ojek online,,
jakrta,jakarta,,
bilanh,bilang,,
deri,dari,,
ribett,ribet,,
tilangannya,tilangnya,,
wkwkwkw,,,
laen,lain,,
lom,belum,,
lamaaaaaaaa,lama,,
prokes,protokol kesehatan,,
dpan,depan,,
pingin,ingin,,
pelayannan,pelayanan,,
sgt,sangat,,
diduluin,didahulukan,,
entrian,antrean,,
mestinya,seharusnya,,
kesel,kesal,,
dilayanin,dilayani,,
gilaaa,gila,,
ujungny,ujungnya,,
dket,dekat,,
emng,memang,,
bagiin,bagikan,,
duitnya,uangnya,,
disanaa,di sana,,
komsumennya,konsumennya,,
leletnya,lambatnya,,
rumpi,bergosip,,
tlvon,telepon,,
jkrta,jakarta,,
samapai,sampai,,
lamat,alamat,,
lamaaaa,lama,,
ribedin,ribetkan,,
baek,baik,,
nebus,menebus,,
duh,aduh,,
undur,mundur,,
beritahu,beri tahu,,
kebapeanan,kepabeanan,,
sndiri,sendiri,,
plosok,pelosok,,
depak,dipecat,,
mngecewakn,mengecewakan,,
menghandle,menangani,,
kantir,kantor,,
yabg,yang,,
du,di,,
emak,ibu,,
slsai,selesai,,
capil,catatan sipil,,
haloo,halo,,
mulek,merengek,,
mengenakkan,menyenangkan,,
phk,pemutusan hubungan kerja,,
boncossssssss,rugi,,
padalah,padahal,,
nangis,menangis,,
brtanggung,bertanggung,,
segini,sebanyak ini,,
drri,dari,,
nyantumin,mencantumkan,,
hadehh,aduh,,
pek,,,
ngegosip,bergosip,,
buk,ibu,,
kepepet,terdesak,,
gapapa,tidak apa-apa,,
maksa,memaksa,,
mancla,plin plan,,
mencle,plin plan,,
sambi,sambil,,
keagenan,,,
seijin,seizin,,
terkatung,terkatung katung,,
ntah,entah,,
dicostumer,di pelanggan,,
shruse,seharusnya,,
peringatin,peringatkan,,
dicounternya,di loketnya,,
jelass,jelas,,
sqya,saya,,
pengitiman,pengiriman,,
ketimbang,daripada,,
sekilo,satu kilo,,
bget,banget,,
ongkosny,ongkosnya,,
tmn,teman,,
memperbaharui,memperbarui,,
des,desember,,
consumen,konsumen,,
konfirm,konfirmasi,,
mentri,menteri,,
direject,ditolak,,
ampass,ampas,,
gabung,bergabung,,
peke,pakai,,
kog,kok,,
profesionalitas,profesionalisme,,
skedar,sekadar,,
lanjuti,lanjutkan,,
sgera,segera,,
gapp,tidak apa-apa,,
dikomp,dikompres,,
dengen,dengan,,
nyadar,sadar,,
kary,karyawan,,
ndak,tidak,,
ditembel,ditambal,,
bertanggungjawab,bertanggung jawab,,
antrianya,antreannya,,
malesi,malas,,
lainn,lain,,
jali,jeli,,
mengabtar,mengabari,,
panjangggg,panjang,,
pls,tolong,,
dicantum,dicantumkan,,
gaa,tidak,,
dilamain,dilama lamakan,,
gladag,gaduh,,
pelyanannya,pelayanannya,,
ditracking,dilacak,,
balasnya,balasannya,,
mutus,memutus,,
chattingan,mengobrol,,
kwalitas,kualitas,,
comfrim,konfirmasi,,
katane,katanya,,
ketlisut,terselip,,
tgu,tunggu,,
kpala,kepala,,
kator,kantor,,
lajut,lanjut,,
lhoh,lho,,
expnya,kedaluwarsanya,,
xjam,sekian jam,,
sekabupaten,se kabupaten,,
gantengan,lebih tampan,,
attitudenya,sikapnya,,
tny,tanya,,
prkara,perkara,,
guguk,anjing,,
lamaaa,lama,,
pg,pagi,,
oo,oh,,
dech,deh,,
pnerima,penerima,,
pngirim,pengirim,,
enggaknya,tidaknya,,
telf,telepon,,
ambyar,hancur,,
rek,teman,,
suroboyo,surabaya,,
bojomegoro,bojonegoro,,
ketawain,ditertawakan,,
rejeki,rezeki,,
jan,jangan,,
ketiduran,tertidur,,
skli,sekali,,
dc,,,
cpt,cepat,,
padah,padahal,,Kata Baku
nnya,bertanya,,
sttusnya,statusnya,,
pngrmn,pengiriman,,
ksna,ke sana,,
plynannya,pelayanannya,,
maslahnya,masalahnya,,
dbenowo,di benowo,,
tkutnya,takutnya,,
dsana,di sana,,
ngnter,mengantar,,
msak,masak,,
kedengeran,terdengar,,
mrah,marah,,
dibwa,dibawa,,
tarikin,tarikkan,,
keq,kayak,,
pindahin,pindahkan,,
duid,duit,,
kbijakannya,kebijakannya,,
malh,malah,,
tangeran,Tangerang,,
kantirpos,kantor pos,,
pngiriman,pengiriman,,
jateng,Jawa Tengah,,
vida,,,
proffesional,profesional,,
thumbs,jempol,,
goverment,pemerintah,,
konsekwen,konsekuen,,
pkerjaan,pekerjaan,,
dimata,di mata,,
terkhir,terakhir,,
terlelet,sangat lambat,,
handal,andal,,
yikes,,,
uggh,,,
positifnya,sisi positifnya,,
mkn,makan,,
hadehhhhhh,haduh,,
sekapok,sebegitu kapok,,
kapoknya,rasa kapoknya,,
adsens,AdSense,,
lainya,lainnya,,
diketawain,ditertawakan,,
hikhik,,,
nyesal,menyesal,,
percumah,percuma,,
kseringan,keseringan,,
labrak,melabrak,,
dikasihin,diberikan,,
stanby,standby,,
turunin,turunkan,,
dtidak,tidak,,
ekpress,ekspres,,
kekirim,terkirim,,
maksdnya,maksudnya,,
anjjjj,,,
temapt,tempat,,
nazegelen,,,
adasense,AdSense,,
ngatar,mengantar,,
delivered,terkirim,,
xpektasii,ekspektasi,,
blasssss,sama sekali,,
jugaaa,juga,,
uwelekkkkk,jelek,,
polll,banget,,
maneh,kamu,,
maseeehhhh,masih,,
apain,ngapain,,
terhomat,terhormat,,
kemanakah,ke manakah,,
pelayana,pelayanan,,
buruuuuuuuuuukkkk,buruk,,
santunya,santunnya,,
berapakali,berapa kali,,
diberitain,diberitakan,,
lanyanan,layanan,,
billingnya,tagihannya,,
kadaluarsa,kedaluwarsa,,
telponlah,teleponlah,,
nafkahin,menafkahi,,
bini,istri,,
dianternya,diantarkan,,
jelekkkk,jelek,,
sbg,sebagai,,
pwlayanan,pelayanan,,
nge,,,
jwban,jawaban,,
sibuuuuuk,sibuk,,
efektiv,efektif,,
ajaaa,saja,,
bernafas,bernapas,,
ig,instagram,,
ngetik,mengetik,,
mnit,menit,,
disaat,saat,,
tilngan,tilang,,
lamaaaaaaaaaa,lama,,
magabut,magang gabut,,
viralin,viralkan,,
badannya,badan,,
ngembaliin,mengembalikan,,
malesan,malas-malasan,,
kebuang,terbuang,,
jakata,jakarta,,
tujuannya,tujuan,,
dipulau,di pulau,,
keprofesionalismean,profesionalisme,,
oia,oh iya,,
drtd,dari tadi,,
kmr,kemarin,,
bntar,sebentar,,
panggilin,panggilkan,,
manggilin,memanggilkan,,
tingkatin,tingkatkan,,
stidaknya,setidaknya,,
makasi,terima kasih,,
ew,jijik,,
edan,gila,,
emba,mba,,
disebutin,disebutkan,,
kepasar,ke pasar,,
sejalaskan,dijelaskan,,
sudara,saudara,,
milenia,milenial,,
ditingkatin,ditingkatkan,,
cewe,perempuan,,
ngotak,berpikir,,
gmaps,,,
kabarin,kabarkan,,
parahh,parah,,
beamasuk,bea masuk,,
kwkwkkw,,,
beud,banget,,
embel,embel-embel,,
diharepin,diharapkan,,
ortu,orang tua,,
lahh,lah,,
dikosan,di kosan,,
wowww,wow,,
diginiin,diperlakukan begini,,
exspedisi,ekspedisi,,
mudi,mudik,,
ngurusin,mengurus,,
ajaa,saja,,
kacauuuu,kacau,,
ttp,tetap,,
leadtime,,,
bangetttttt,banget,,
nlp,telepon,,
sklinya,sekalinya,,
ditungguin,ditunggu,,
dehh,deh,,
kapokkkkkkkk,kapok,,
jdinya,jadinya,,
postnya,unggahannya,,
pm,,,
dibloklah,diblokir,,
jabingannnn,jabingan,,
sebutin,sebutkan,,
mbokya,harusnya,,
notif,notifikasi,,
mamam,makan,,
omdo,omong doang,,
krazy,,,
seatttt,,,
sittt,,,
doggamn,,,
lagii,lagi,,
kilqt,kilat,,
istrihat,istirahat,,
anjay,,,
telponan,menelepon,,
inget,ingat,,
banyakan,banyak,,
dipurwokerto,di purwokerto,,
mengkondisikan,mengondisikan,,
nederland,,,
ssdah,sudah,,
famili,keluarga,,
pwkt,purwokerto,,
nr,nomor,,
jumaat,jumat,,
eeeh,eh,,
teler,mabuk berat,,
telpnan,menelepon,,
yaah,ya,,
untus,untuk,,
kekecilan,terlalu kecil,,
ijinnya,izinnya,,
promosiin,promosikan,,
pnya,punya,,
su,,,
krjanya,kerjanya,,
disamper,disamperin,,
wkwkwk,,,
undi,undian,,
mrk,mereka,,
deoan,depan,,
datangnya,kedatangannya,,
ketujuan,ke tujuan,,
ayolah,ayo lah,,
kontek,konten,,
tiktok,,,
copywriter,,,
eksisteni,eksistensi,,
sjk,sejak,,
terupdate,terkini,,
srt,surat,,
lpsg,lepas garansi,,
kebonrojonya,kebonrojo,,
diinputan,input,,
bahakan,bahkan,,
penggaduan,pengaduan,,
parahhh,parah,,
seringn,sering,,
telfun,telepon,,
dimatiin,dimatikan,,
adsen,adsense,,
menteh,mentah,,
nyogok,menyuap,,
apamalah,apalah,,
cr,cari,,
ehh,eh,,
besik,,,
salabim,,,
suoer,super,,
duoer,super,,
sejabodetabek,se-jabodetabek,,
rbuan,ribuan,,
asuuu,,,
psennya,pesannya,,
nungguinn,menungguin,,
cht,chat,,
gadibales,tidak dibalas,,
bales,balas,,
pdahl,padahal,,
sharlok,share location,,
parongil,panggil,,
dipenerima,di penerima,,
perrcaya,percaya,,
brubah,berubah,,
bnda,benda,,
taneman,tanaman,,
mutar,memutar,,
lngsung,langsung,,
dilegalisir,dilegalisasi,,
diluar,di luar,,
deaember,desember,,
dipacking,dikemas,,
packingnya,kemasannya,,
gerecep,cepat,,
priwit,peluit,,
dalamtlong,dalam tolong,,
tndak,tindak,,
lanjutin,lanjutkan,,
tkang,tukang,,
dibenerin,dibetulkan,,
plg,paling,,
denger,dengar,,
ges,guys,,
trlalu,terlalu,,
rbet,ribet,,
pncairan,pencairan,,
hadeuh,aduh,,
ajarin,ajarkan,,
melalukan,melakukan,,
trims,terima kasih,,
gilaaaa,gila,,
february,februari,,
marahin,memarahi,,
kopong,kosong,,
tinggalin,tinggalkan,,
booooom,bom,,
sosmed,media sosial,,
brengsek,,,
verif,verifikasi,,
kemnaker,,,
nolah,tolak,,
sentak,bentak,,
samsek,sama sekali,,
krudung,kerudung,,
mekap,makeup,,
ngetreat,memperlakukan,,
customers,pelanggan,,
jamannya,zamannya,,
duitan,uang,,
ngaret,terlambat,,
bnar,benar,,
ngerumpi,bergosip,,
bgd,banget,,
xnya,kalinya,,
pelayaan,pelayanan,,
servise,servis,,
tergoblok,sangat bodoh,,
dipos,di pos,,
alesanya,alasannya,,
resepsinosnya,resepsionisnya,,
tuhjual,terjual,,
chattan,chat-an,,
managernya,manajernya,,
berjiblab,berjilbab,,
bilsng,bilang,,
drmh,di rumah,,
naro,menaruh,,
dripda,daripada,,
kurirnyeee,kurirnya,,
bijimana,bagaimana,,
telalu,terlalu,,
menggampakan,mengecewakan,,
dok,dokumen,,
stby,standby,,
spele,sepele,,
gni,begini,,
sejarahh,sejarah,,
dipaketannya,di paketannya,,
kosan,kos,,
moderen,modern,,
soan,berkunjung,,
nyalahin,menyalahkan,,
ol,,,
titipin,titipkan,,
blengep,pengap,,
uy,ya,,
nambah,menambah,,
huhuhu,,,
mehong,mahal,,
krwg,karawang,,
nampung,menampung,,
paraaahh,parah,,
ajuurr,hancur,,
jummm,,,
nangkring,nongkrong,,
isitrahat,istirahat,,
tidakpunya,tidak punya,,
sekitaran,sekitar,,
cowok,laki-laki,,
kurleb,kurang lebih,,
tinbang,timbang,,
yh,ya,,
dt,datang,,
kurirrnya,kurirnya,,
ahirnya,akhirnya,,
kebuka,terbuka,,
kluar,keluar,,
bersliweran,lalu-lalang,,
pemberitauan,pemberitahuan,,
ketangan,ke tangan,,
disurat,di surat,,
pemberitauhan,pemberitahuan,,
suwung,kosong,,
lur,pak,,
dandananya,dandanan-nya,,
soflens,softlens,,
dideretan,di deretan,,
temanya,temannya,,
seprti,seperti,,
ndk,tidak,,
nasagel,,,
gabisaa,tidak bisa,,
fasum,fasilitas umum,,
pago,pagi,,
dikirmkan,dikirimkan,,
shg,sehingga,,
gakpernah,tidak pernah,,
hadeehhhh,aduh,,
bumil,ibu hamil,,
ngendok,diam,,
pelaynan,pelayanan,,
onlinr,online,,
bentak,membentak,,
dikurangin,dikurangi,,
mic,,,
temuin,temui,,
selkarang,sekarang,,
malesya,malasnya,,
disni,di sini,,
bagaiamana,bagaimana,,
inii,ini,,
pakett,paket,,
kayaa,kaya,,
diblok,diblokir,,
terimanya,menerimanya,,
diindonesia,di Indonesia,,
pakaii,pakai,,
ditny,ditanya,,
lalukan,lakukan,,
diktr,diketer,,
naek,naik,,
dsini,di sini,,
mnta,minta,,
lagisaya,lagi saya,,
serubet,seribet,,
possaran,pemasaran,,
ribettt,ribet,,
ilang,hilang,,
dus,kardus,,
keambil,terbawa,,
ngajemput,menjemput,,
dblkng,di belakang,,
fikir,pikir,,
sedikitpun,sedikit pun,,
oiya,oh iya,,
kwitansi,kuitansi,,
teriam,terima,,
juuuutek,jutek,,
palagi,apalagi,,
diatas,di atas,,
ramahan,ramah,,
dahhhhh,sudah,,
jutekin,menjutekkan,,
ngumpullll,ngumpul,,
tolongg,tolong,,
berass,beras,,
beca,becak,,
diliat,dilihat,,
clingak,celingak,,
clinguk,celinguk,,
keserobot,terserobot,,
dipojok,di pojok,,
akhirny,akhirnya,,
plonga,planga,,
kayax,kayak,,
seharusx,seharusnya,,
knapa,kenapa,,
perti,seperti,,
harusx,harusnya,,
gamau,tidak mau,,
cantumin,cantumkan,,
anjng,,,
kntol,,,
bngst,,,
adlh,adalah,,
temenin,temani,,
dibawah,di bawah,,
sll,selalu,,
sx,sekali,,
hadeeehhhh,haduh,,
aama,sama,,
perhari,per hari,,
dilayanipun,dilayani pun,,
ainnya,lainnya,,
lambaaat,lambat,,
ketemukan,ditemukan,,
janga,jangan,,
dngan,dengan,,
samasekali,sama sekali,,
milih,memilih,,
dispelekan,disepelekan,,
sementang,sementara,,
obatan,obat-obatan,,
infomasi,informasi,,
keterima,diterima,,
nylekit,menyakitkan,,
asl,asli,,
smping,samping,,
gituu,gitu,,
ratenya,nilai/tarifnya,,
castemer,pelanggan,,
disemua,di semua,,
sdikit,sedikit,,
diloketnya,di loketnya,,
palayanannya,pelayanannya,,
bpk,bapak,,
bantuanjan,bantuan,,
tmnya,temannya,,
ketidura,ketiduran,,
gajls,tidak jelas,,
pegaiwai,pegawai,,
pinginnya,inginnya,,
coustomer,pelanggan,,
palayanan,pelayanan,,
asabrinya,sabarnya,,
kepanggil,terpanggil,,
ngatri,mengantre,,
memdapatkan,mendapatkan,,
berbayang,membayangi,,
dirut,direktur utama,,
pecatin,pecatkan,,
ujungy,ujungnya,,
repotin,merepotkan,,
receiving,,,
tranfer,transfer,,
gituloh,begitu,,
parahhhhhh,parah,,
taggerag,tangerang,,
taggerang,tangerang,,
angkar,angkara,,
ngretur,retur,,
mlh,malah,,
anterin,antar,,
ris,risiko,,
atitudeee,sikap,,
malesssinnnn,malas,,
atitude,sikap,,
semacem,semacam,,
huffttt,,,
expor,ekspor,,
stidak,setidaknya,,
lahada,ya sudah,,
dikemanain,dikemanakan,,
burukkk,buruk,,
ngerjain,mengerjakan,,
jukir,juru parkir,,
ditertibin,ditertibkan,,
mgg,minggu,,
disamping,di samping,,
menitan,beberapa menit,,
kyt,kayaknya,,
kotamadya,kota madya,,
surar,surat,,
bocil,bocah kecil,,
jelasin,jelaskan,,
galakan,lebih galak,,
notaben,nota bene,,
dipack,dikemas,,
kehitung,terhitung,,
mengiyakan,menyetujui,,
ribunya,ribuan,,
jk,jika,,
apalg,apalagi,,
gabawa,nggak bawa,,
jamedud,,,
sudsh,sudah,,
bkm,belum diketahui,,
blnda,belanda,,
pgawai,pegawai,,
selediki,selidiki,,
mntang,menantang,,
pkt,paket,,
maap,maaf,,
berpa,berapa,,
ugalan,ugal-ugalan,,
distatus,di status,,
dikirm,dikirim,,
orangtua,orang tua,,
himbauan,imbauan,,
hayoooo,ayo,,
keisi,terisi,,
rubah,ubah,,
dangan,dengan,,
huhu,ekspresi,,
mendaparkan,mendapatkan,,
ematerai,e-meterai,,
nitip,titip,,
konvirmasi,konfirmasi,,
hubungnya,hubungannya,,
ngeliatin,melihat,,
emateray,e-meterai,,
pelayanann,pelayanan,,
dmelayani,di melayani,,
malasah,masalah,,
nolastname,,,
kmbali,kembali,,
krim,kirim,,
ngrim,ngirim,,
kmpung,kampung,,
pengambiln,pengambilan,,
tisk,,,
spsi,,,
nganggur,menganggur,,
byk,banyak,,
magabu,malas gabut,,
masnya,mas-nya,,
teruss,terus,,
sorean,agak sore,,
huft,,,
offens,ofensif,,
yuu,yuk,,
yu,yuk,,
sepeeri,seperti,,
mlempem,lempem,,
menaikan,menaikkan,,
situu,situ,,
ituu,itu,,
burukk,buruk,,
sesuaii,sesuai,,
akirnya,akhirnya,,
sendirii,sendiri,,
sk,surat keputusan,,
gr,gara,,
ruolpiah,rupiah,,
sosoan,sok-sokan,,
setolol,sebodoh,,
ngono,begitu,,
kui,itu,,
tanggani,tangani,,
tooooo,,,
samgat,sangat,,
mengalain,mengalihkan,,
dilewat,dilewati,,
sayaa,saya,,
lokert,loket,,
brpa,berapa,,
hahahah,ekspresi tawa,,
gbisa,nggak bisa,,
mengecekan,pengecekan,,
kemacatan,kemacetan,,
jikalau,jika,,
ngasi,memberi,,
distempel,di stempel,,
stamps,stempel,,
shp,shopee,,
bajingan,,,
serem,menyeramkan,,
kontakan,kontakannya,,
istighfar,istigfar,,
instagramnya,Instagram-nya,,
simpel,sederhana,,
duluan,lebih dulu,,
dikarnakan,dikarenakan,,
diloket,di loket,,
initolong,ini tolong,,
wkwkwkwk,ekspresi tawa,,
sebenernya,sebenarnya,,
gasi,kasih,,
lambaaaaaaaaaat,lambat,,
ngabarin,mengabari,,
tdak,tidak,,
failed,gagal,,
tgr,tangerang,,
ternyataaa,ternyata,,
closing,penutupan,,
ajuin,ajukan,,
ngelayanin,melayani,,
bohongin,membohongi,,
hadeeuuuuuuuu,,,
nyh,nih,,
ngebut,melaju kencang,,
ngejar,mengejar,,
teransaksi,bertransaksi,,
bagaian,bagian,,
pelayannanya,pelayanannya,,
ditgl,di tanggal,,
hubumgi,hubungi,,
nelvon,nelpon/telepon,,
ohiya,oh iya,,
dipick,diambil,,
disrh,disuruh,,
berarkhir,berakhir,,
segede,sebesar,,
kau,kamu,,
bsakerja,bisa kerja,,
lemooot,lambat,,
euyyy,,,
ditangan,di tangan,,
ngasal,asal-asalan,,
nutup,menutup,,
dikasi,diberi,,
kalendeer,kalender,,
udhh,sudah,,
cetus,mencetuskan,,
minjem,minjam,,
didpn,di depan,,
keder,gugup,,
dmn,di mana,,
xxxixix,,,
sperti,seperti,,
prnh,pernah,,
ksni,ke sini,,
ngangguk,mengangguk,,
mgkin,mungkin,,
aplg,apalagi,,
kebtulan,kebetulan,,
untukpengiriman,untuk pengiriman,,
cwenya,ceweknya,,
telattt,telat,,
ontime,tepat waktu,,
janjian,janji,,
acungi,acungkan,,
displin,disiplin,,
diantara,di antara,,
dibikin,dibuat,,
palingan,paling,,
nemuin,menemukan,,
terlama,paling lama,,
retingmu,rating-mu,,
samapi,sampai,,
kerjannya,kerjanya,,
perancis,Prancis,,
minimarketnya,minimarket-nya,,
dipisah,dipisahkan,,
ngebantuin,membantu,,
malasan,malas,,
dihutan,di hutan,,
jafi,jadi,,
ngeblong,menerobos,,
anterr,antar,,
itupun,itu pun,,
ngepush,mendorong,,
tepok,tepuk,,
jidat,dahi,,
telpune,teleponnya,,
betol,betul,,
bgus,bagus,,
eyang,kakek,,
kedepanya,ke depannya,,
tambhkan,tambahkan,,
bohongan,bohongan/kebohongan,,
rabo,rabu,,
oiiii,,,
dsb,dan sebagainya,,
selonong,menyelonong,,
bayangin,bayangkan,,
permasalan,permasalahan,,
malulah,malu lah,,
dinaikan,dinaikkan,,
rejek,rezeki,,
teruuss,terus,,
bangetrt,banget,,
kelarkan,selesaikan,,
adminitrasinya,administrasinya,,
dipingpong,dilempar-lempar,,
polresjakartapusat,Polres Jakarta Pusat,,
didatangin,didatangi,,
sedg,sedang,,
kbrn,lebaran,,
omong,bicara,,
servive,layanan,,
dikabarin,diberi kabar,,
skak,diam,,
dstu,di situ,,
hmm,,,
meneripa,menerima,,
dokus,fokus,,
swgala,segala,,
kterlambatan,keterlambatan,,
melbihi,melebihi,,
harii,hari,,
gc,,,
didemak,di Demak,,
disemarang,di Semarang,,
dikota,di kota,,
mandang,memandang,,
lohhhh,lho,,
tnggal,tinggal,,
huu,ekspresi,,
cekin,check-in,,
ecommerce,e-commerce,,
gedean,lebih besar,,
trallu,terlalu,,
bogorbbogor,Bogor,,
ngadu,mengadu,,
hadehhh,aduh,,
jaksel,Jakarta Selatan,,
diinfo,diinformasikan,,
ditranafer,ditransfer,,
sebulanan,sebulan,,
hatilah,hati-hati lah,,
dikirain,dikira,,
trimaksh,terima kasih,,
kiriiman,kiriman,,
pokonya,pokok,,
nyusul,menyusul,,
kesono,ke sana,,
bukn,bukan,,
jmput,jemput,,
sebel,kesal,,
ngambilin,mengambilkan,,
narikin,menarikkan,,
ngeluarin,mengeluarkan,,
exp,expired,,
trsbt,tersebut,,
pglman,pengalaman,,
degan,dengan,,
yaiyalah,ya iyalah,,
nafas,napas,,
bnerr,benar,,
dehhh,deh,,
kya,kayak,,
gi ,gi,,
yahh,ya,,
pulpen,pena,,
alamt,alamat,,
weekdays,hari kerja,,
marauke,Merauke,,
kntor,kantor,,
taru,taruh,,
maps,peta,,
hilangan,kehilangan,,
salahkan,menyalahkan,,
githuw,gitu,,
sesampai,sesampainya,,
njeng,,,
pengerjaanya,pengerjaannya,,
brti,berarti,,
mendaptkan,mendapatkan,,
antreanya,antreannya,,
securitynya,petugas keamanannya,,
nihh,nih,,
kerudungan,berhijab,,
gajadinya,jadi tidak jadi,,
pxlxt,,,
xx,,,
diharga,dihargai / diberi harga,,
disabel,disabilitas,,
gakaya,tidak seperti,,
juteknya,sikap juteknya,,
sekira,kira-kira,,
matrei,materai,,
keloket,ke loket,,
pelanyanan,pelayanan,,
matetai,materai,,
sangag,sangat,,
yga,yang,,
responsip,responsif,,
nyalip,menyalip,,
dilihatin,dilihat-lihat,,
doi,dia,,
pemerntah,pemerintah,,
hape,ponsel,,
bumb,bumn,,
oriented,berorientasi,,
nga,tidak,,
nego,negosiasi,,
sngan,sangat,,
ppelaynananya,pelayanannya,,
dipengadilan,di pengadilan,,
ngulang,mengulang,,
menyanggupi,menyetujui,,
usahain,usahakan,,
bude,bibi,,
pahaman,pemahaman,,
tanyain,tanyakan,,
umr,upah minimum regional,,
uwow,wow,,
dilangit,di langit,,
apbn,anggaran pendapatan dan belanja negara,,
terkorup,paling korup,,
pcs,unit,,
dhtung,dihitung,,
dsruh,disuruh,,
dluar,di luar,,
beacukai,bea cukai,,
mendzolimi,menzalimi,,
iam,jam,,
kirkm,kirim,,
malak,memalak,,
nasegel,disegel,,
datag,datang,,
tbtb,tiba-tiba,,
thxu,terima kasih,,
reseh,rese,,
kletek,lepas,,
flexsibel,fleksibel,,
mustinya,mestinya,,
mengunakan,menggunakan,,
sitem,sistem,,
majing,maju,,
dansaya,dan saya,,
satpan,satpam,,
selali,selalu,,
bludak,membludak,,
perdanya,peraturannya,,
yth,yang terhormat,,
personilnya,personelnya,,
ohh,oh,,
tolobg,tolong,,
bantara,bantaran,,
misskomunikasi,miskomunikasi,,
aung,uang,,
kompatitornya,kompetitornya,,
agresive,agresif,,
ngajuin,mengajukan,,
maff,maaf,,
biyaya,biaya,,
perkilo,per kilogram,,
ketauan,ketahuan,,
bgs,bagus,,
tryta,ternyata,,
ksong,kosong,,
supir,sopir,,
wastern,western,,
terimaksih,terima kasih,,
semrawwut,semrawut,,
jagan,jangan,,
ty,terima kasih,,
memilik,memiliki,,
dilokasi,di lokasi,,
aktip,aktif,,
ngopo,kenapa,,
tks,terima kasih,,
wnsobo,wonosobo,,
wnosobo,wonosobo,,
almat,alamat,,
kn,kan,,
cepey,cepat,,
jraknya,jaraknya,,
pling,paling,,
mnitan,menitan,,
ggal,gagal,,
pkoknya,pokoknya,,
cbang,cabang,,
dikondsikan,dikondisikan,,
padet,padat,,
semminggu,seminggu,,
sistim,sistem,,
mggu,minggu,,
dsetorkan,disetorkan,,
aq,aku,,
kurier,kurir,,
sesekalipun,sesekali pun,,
nlpon,telepon,,
ttpi,tetapi,,
nganjurin,menganjurkan,,
lansung,langsung,,
nk,kalau,,
nopeku,nomor HP-ku,,
mertuoku,mertuaku,,
ng,di,,
omah,rumah,,
selak,keburu,,
soale,soalnya,,
eng,,,
weeked,weekend,,
peroses,proses,,
kzl,kesal,,
kalem,tenang,,
kecele,kecewa,,
diperbaharui,diperbarui,,
dijember,di jember,,
krg,kurang,,
gt,gitu,,
bulananbatal,bulanan batal,,
deeh,deh,,
pipis,buang air kecil,,
sampenya,sampainya,,
aluj,alun,,
pengirimanannya,pengirimannya,,
gapaham,tidak paham,,
nyepelein,meremehkan,,
pketan,paketnya,,
djelaskan,dijelaskan,,
hbungi,hubungi,,
gliran,giliran,,
lcak,lacak,,
pnerimanya,penerimanya,,
lngkap,lengkap,,
ditrack,dilacak,,
kereeen,keren,,
cewenya,ceweknya,,
informasiin,informasikan,,
jauuuhhh,jauh,,
sayannya,sayangnya,,
srobat,serobot,,
srobot,serobot,,
mintakan,minta kan,,
hedeuhhh,hadeh,,
cuzzz,ayo,,
didekat,di dekat,,
sibapak,si bapak,,
perduli,peduli,,
diteler,di teller,,
coffeenya,kopinya,,
enakk,enak,,
yakk,ya,,
dsnih,di sini,,
poto,foto,,
ampuun,ampun,,
gentset,genset,,
custserv,customer service,,
ditengah,di tengah,,
mengarahkn,mengarahkan,,
sj,saja,,
bgmana,bagaimana,,
kedepan,ke depan,,
mjd,menjadi,,
sdgkn,sedangkan,,
trjadi,terjadi,,
nempel,menempel,,
trlihat,terlihat,,
bgitulah,begitulah,,
greget,gereget,,
budek,tuli,,
dihari,di hari,,
pegawi,pegawai,,
lamaaaaaasaaaaa,lama,,
bossq,bosku,,
cabamg,cabang,,
tuker,tukar,,
thankyou,terima kasih,,
playanannye,pelayanannya,,
direbitan,diterbitkan,,
fotocopian,fotokopian,,
fotocpy,fotokopi,,
yaaapadahal,ya padahal,,
transformas,transformasi,,
tuk,untuk,,
lebihan,kelebihan,,
rupaih,rupiah,,
hahahaha,,,
kwkwk,,,
jawabaan,jawaban,,
digerbang,di gerbang,,
belakanh,belakang,,
menggangu,mengganggu,,
zolim,zalim,,
masayarakat,masyarakat,,
mhn,mohon,,
assalamualikum,assalamu alaikum,,
aktf,aktif,,
naseghel,disegel,,
rapet,rapat,,
dokument,dokumen,,
sholat,salat,,
tq,terima kasih,,
wenak,enak,,
tenan,banget,,
arsiterktur,arsitektur,,
bsgus,bagus,,
laah,lah,,
standnya,stan-nya,,
karywan,karyawan,,
gaess,,,
yuk,,,
sanggat,sangat,,
tarnsaksi,transaksi,,
mengakomodir,mengakomodasi,,
kangen,rindu,,
kiring,kirim,,
mpe,sampai,,
sipp,sip,,
eleltronik,elektronik,,
sedialan,sediakan,,
mantabbbb,mantap,,
tmbahin,tambahin,,
tempoe,tempo,,
doloe,dulu,,
dsni,di sini,,
jozsss,jos,,
mksh,makasih,,
dijogja,di jogja,,
didisain,didesain,,
sebagi,sebagai,,
filately,filateli,,
teu,tidak,,
semnejak,semenjak,,
penyebrang,penyeberang,,
juaga,juga,,
wokee,oke,,
nyamperin,menyambangi,,
mengemail,mengirim surel,,
disekitar,di sekitar,,
berac,ber-AC,,
baruada,baru ada,,
didaerah,di daerah,,
superstore,,,
manapun,mana pun,,
didepannya,di depannya,,
puanjaaaangggg,panjang,,
dibangunan,di bangunan,,
bka,buka,,
selfi,swafoto,,
disebelah,di sebelah,,
simpanglima,simpang lima,,
moge,motor besat,,
blkg,belakang,,
dijnagkau,dijangkau,,
jarus,harus,,
dkk,dan kawan-kawan,,
mengeneai,mengenai,,
aktifitas,aktivitas,,
kece,keren,,
sedari,sejak,,
cie,,,
musholla,musala,,
nyelempit,terselip,,
sueabaya,surabaya,,
memgagumi,mengagumi,,
indisny,identitasnya,,
ayoo,ayo,,
wc,toilet,,
ceo,pemilik,,
perkmbgn,perkembangan,,
zmn,zaman,,
kndisi,kondisi,,
gdung,gedung,,
tmpak,tampak,,
prangkonya,perangkonya,,
unt,untuk,,
valas,,,
dititik,di titik,,
jn,jalan,,
kanntor,kantor,,
peranan,peran,,
pelangggan,pelanggan,,
bersebrangan,berseberangan,,
dieksplore,dijelajahi,,
berjajer,berjajar,,
mantaff,mantap,,
biarpun,meskipun,,
syg,sayang,,
menyebal,menyebalkan,,
mudahn,mudah,,
jujugan,tujuan,,
disekitarnya,di sekitarnya,,
letsguide,,,
bogorlocalguides,,,
disebran,di seberang,,
apos,pos,,
umun,umum,,
trans,,,
daanmogot,daan mogot,,
juteknjudes,jutek dan judes,,
solat,salat,,
begitupun,begitu pun,,
mmang,memang,,
nnti,nanti,,
istrht,istirahat,,
lumyan,lumayan,,
pelayananny,pelayanannya,,
resto,restoran,,
diresto,di restoran,,
lapangane,lapangannya,,
luass,luas,,
gedunge,gedungnya,,
asique,asyik,,
jendral,jenderal,,
penjulan,penjualan,,
sktar,sekitar,,
tutupu,tutup,,
digedungnya,di gedungnya,,
kirimn,kiriman,,
olshoper,olshop,,
didalem,di dalam,,
mengirin,mengirim,,
mbayar,membayar,,
hogere,,,
temparnya,tempatnya,,
sovenir,suvenir,,
dikawasan,di kawasan,,
dibeberapa,di beberapa,,
kounternya,konternya,,
sedikt,sedikit,,
postcrossing,,,
ohya,oh ya,,
rameeeee,ramai,,
bangeeeeet,banget,,
viewnya,pemandangannya,,
pengin,ingin,,
moodnya,mood-nya,,
sertipikat,sertifikat,,
fasikitaa,fasilitas,,
bahwasanya,bahwa,,
dipondahkan,dipindahkan,,
diseberang,di seberang,,
kedepannnya,ke depannya,,
hehehehe,haha,,
cuz,,,
lgs,langsung,,
ikutan,ikut,,
weselpos,wesel pos,,
tempatnyabluas,tempatnya luas,,
danbga,dan bagus,,
tempatnyaa,tempatnya,,
ramahh,ramah,,
toiletnyaa,toiletnya,,
donkk,dong,,
nov,november,,
ngangenin,bikin kangen,,
telefoon,telepon,,
tjakep,cakep,,
futu,foto,,
minggat,kabur,,
bagunannya,bangunannya,,
baij,baik,,
chek,cek,,
infomarsi,informasi,,
posindo,pos indonesia,,
receptionistnya,resepsionisnya,,
banyaaak,banyak,,
nomoran,penomoran,,
disabilities,disabilitas,,
ditanyalan,ditanyakan,,
masyarakt,masyarakat,,
merekalah,mereka lah,,
diinfokan,diinformasikan,,
googlenya,Google-nya,,
okeeehh,oke,,
kantorposjakartatimur,Kantor Pos Jakarta Timur,,
jakartatimur,Jakarta Timur,,
baguss,bagus,,
bangeeettt,banget,,
barengan,bersama,,
hmmmm,hmm,,
dikasir,di kasir,,
kecamatam,kecamatan,,
jend,jenderal,,
soedirman,Sudirman,,
inovativ,inovatif,,
uptudate,up-to-date,,
masyarskat,masyarakat,,
radak,agak,,
nanjak,menanjak,,
dariblura,dari Blora,,
bete,bosan,,
autletnya,outlet-nya,,
okey,oke,,
belakan,belakang,,
spertinya,sepertinya,,
pakpos,pak pos,,
mengeposkan,mengirimkan lewat pos,,
fulateli,filateli,,
mandinya,mandi-nya,,
sepaket,satu paket,,
sepakbola,sepak bola,,
karenakan,karena,,
belj,belanja,,
bayarnya,pembayarannya,,
ngumpulin,mengumpulkan,,
poollll,banget,,
masuki,memasuki,,
kesehian,keseharian,,
dimereka,pada mereka,,
kaan,kan,,
nyangka,menyangka,,
cuy, bro,,
ngerasa,merasa,,
seneng,senang,,
jaim,jaga image,,
looo,lho,,
kuy,yuk,,
manfaatin,manfaatkan,,
ramadhan,Ramadan,,
ramaah,ramah,,
trampil,terampil,,
tmpt,tempat,,
cpat,cepat,,
playanannya,pelayanannya,,
tfan,transferan,,
kluarga,keluarga,,
memprsona,mempesona,,
munkin,mungkin,,
inih,ini,,
mumuaskan,memuaskan,,
mantull,mantap,,
cafenya,kafenya,,
rungannya,ruangannya,,
berplat,berpelat,,
ngaa,tidak,,
walopun,walaupun,,
gakbterlalu,tidak terlalu,,
kereennn,keren,,
umm,,,
sukaa,suka,,
scurity,keamanan,,
whattt,apa,,
resik,bersih,,
surockboyo,surabaya,,
bserta,beserta,,
didaratan,di daratan,,
otentik,autentik,,
petugad,petugas,,
disekitaran,di sekitar,,
fota,foto,,
cangkol,cangkul,,
bw,bawa,,
phiskologi,psikologi,,
signage,,,
plisss,tolong,,
allohu,Allahu,,
yahdik,yahdikum,,
barokallohu,barakallahu,,
fikkum,fiikum,,
kotabaru,kota baru,,
menyesap,menyeruput,,
bula,bulan,,
telkonsel,Telkomsel,,
eskpedisi,ekspedisi,,
manteb,mantap,,
miskom,miskomunikasi,,
kepagian,terlalu pagi,,
cairkan,mencairkan,,
hahahaa,,,
sekita,sekitar,,
esp,terurama,,
cashless,non-tunai,,
startup,perusahaan rintisan,,
bangettttt,banget,,
atmnya,ATM-nya,,
tahpa,tahap,,
pebih,lebih,,
brgkt,berangkat,,
liwat,lewat,,
arahin,arahkan,,
centre,center,,
yasudahlah,ya sudahlah,,
nyerahin,menyerahkan,,
koprasi,koperasi,,
dibutuhin,dibutuhkan,,
nunjuk,menunjuk,,
kedeketan,kedekatan,,
cantek,cantik,,
didlm,di dalam,,
univ,universitas,,
minesnya,minusnya,,
disediain,disediakan,,
kureng,kurang,,
hihi,,,
trasnfer,transfer,,
boskuuu,bosku,,
collecting,pengumpulan,,
butub,butuh,,
simnya,SIM-nya,,
beneran,benar-benar,,
siii,sih,,
siih,sih,,
luangin,luangkan,,
warpnya,warung / tempat?,,
apaansii,apaan sih,,
sumpahin,sumpahi,,
ksini,ke sini,,
sharing,berbagi,,
ngisi,mengisi,,
outnya,keluarannya,,
semangaat,semangat,,
semogaa,semoga,,
punyaku,milikku,,
rizky,Rizki / Rizky,,
maghrib,Magrib,,
otw,dalam perjalanan,,
playanan,pelayanan,,
bapa,bapak,,
mapnya,petanya,,
romadhon,ramadan,,
mhhh,,,
kegalisir,legalisir,,
terbesr,terbesar,,
jantng,jantung,,
lowker,lowongan kerja,,
megeri,negeri,,
uooooh,,,
wtf,,,
telvon,telepon,,
kerennnnn,keren,,
kerennnn,keren,,
bikers,pesepeda,,
persh,perusahaan,,
cendrawasih,cenderawasih,,
paketannya,paketnya,,
dluu,dulu,,
pakk,pak,,
parkira,parkiran,,
kontor,kantor,,
bagunan,bangunan,,
panyak,banyak,,
adlah,adalah,,
pencaharian,pencarian,,
mslh,masalah,,
tersolusikan,terselesaikan,,
nukerin,menukarkan,,
scr,secara,,
mantaaaaapppp,mantap,,
musola,musala,,
jogya,jogja,,
posten,pos,,
gendt,gendut,,
dipadu,dipadukan,,
brievenbus,,,
muasal,asal,,
manajemenen,manajemen,,
mindahin,memindahkan,,
disetiap,di setiap,,
luaa,luas,,
bayak,banyak,,
mamou,mampu,,
nunggunya,menunggunya,,
dijln,di jalan,,
pengeriman,pengiriman,,
apotik,apotek,,
krb,kebun raya bogor,,
zebaot,zebaoth,,
peribadatan,ibadah,,
diberinama,diberi nama,,
kapt,kapten,,
fb,facebook,,
kemanapun,ke mana pun,,
legalisirnya,legalisasinya,,
handalan,andalan,,
matap,mantap,,
bahula,dahulu,,
dahhhhhh,dah,,
maem,makan,,
mlem,malam,,
gopd,good,,
tsk,tak,,
pemateraian,pemeteraian,,
seger,segar,,
ustad,ustaz,,
pemerintahanya,pemerintahannya,,
didirikanya,didirikannya,,
een,,,
uu,undang-undang,,
sucses,sukses,,
clasic,klasik,,
sippp,sip,,
seberangnya,seberang,,
sekomplek,sekompleks,,
arsiteknya,arsitek,,
muadzinne,muazin,,
kejar,mengejar,,
bertahun,bertahun-tahun,,
terselesaikan,diselesaikan,,
tarifnya,tarif,,
kebengen,kebelet banget,,
nayamul,lumayan,,
disurabaya,di surabaya,,
sekolahan,sekolah,,
bermaterai,bermeterai,,
terbaiiklah,terbaiklah,,
dalan,jalan,,
sbtu,sabtu,,
oya,oh ya,,
bessr,besar,,
terletsk,terletak,,
iyess,ya,,
jokja,yogyakarta,,
sehinggga,sehingga,,
lokrt,loket,,
kecepatannya,kecepatan,,
mencarinya,mencari,,
mentung,memukul,,
phones,telepon,,
berdirinya,berdiri,,
selurus,lurus,,
kogjs,jogja,,
reviwq,review,,
ingintetal,ingin tetap,,
mebggunakan,menggunakan,,
dimari,di sini,,
bagusss,bagus,,
pelayananannya,pelayanannya,,
postcardnya,kartu pos,,
kumpul,berkumpul,,
manteppp,mantap,,
ampyuuun,ampun,,
paketin,paketkan,,
rumahan,ruman,,
disinimaah,di sini mah,,
aahk,,,
diuber,dikejar,,
thru,,,
nie,ini,,
pngambilan,pengambilan,,
uangpun,uang pun,,
itungan,hitungan,,
dikntrpos,di kantor pos,,
dati,dari,,
klw,kalau,,
markir,parkir,,
diluarnya,di luarnya,,
cairin,cairkan,,
untuj,untuk,,
max,maksimal,,
macetan,macet,,
tanganin,tangani,,
seenggkny,seenggaknya,,
layana,layanan,,
 nys,nya,,
banyakk,banyak,,
baguuss,bagus,,
ayooo,ayo,,
servicnya,servisnya,,
jos,joss,,
nganu,,,
pelayananpelayanannya,pelayanannya,,
pakirnya,parkirnya,,
bertenu,bertemu,,
instagramable,bagus,,
jossss,joss,,
bersukaria,bersukacita,,
terkuak,terungkap,,
letanya,letaknya,,
nyentrik,eksentrik,,
dipinggir,di pinggir,,
dipergunakan,digunakan,,
monggo,silakan,,
hehehh,,,
ahahaha,,,
bukanua,bukannya,,
nyantai,santai,,
pasilitas,fasilitas,,
startnya,awalnya,,
cinderamata,cendera mata,,
historiy,history,,
tropia,tropis,,
mengangkak,meningkat,,
banknote,,,
kartupos,kartu pos,,
filatelinya,filateli,,
barangbjuga,barang juga,,
motorku,motor saya,,
ditolongin,ditolong,,
menarikk,menarik,,
selfie,swafoto,,
jogyakarta,yogyakarta,,
yayyyyyyyyyyyyyyyyyyyy,hore,,
arsitekur,arsitektur,,
konolial,kolonial,,
maliobo,malioboro,,
ayem,tentram,,
nok,,,
acretorie,,,
kemuncak,puncak,,
jejalur,jalur,,
arsitekstur,arsitektur,,
mempesona,memesona,,
liatin,melihat,,
lagiii,lagi,,
nebeng,menumpang,,
lumayang,lumayan,,
pelanyan,pelayanan,,
pecinta,pencinta,,
pedestarian,pedestrian,,
potrait,portrait,,
penyanda,penyandang,,
pegawenya,pegawainya,,
datng,datang,,
bebenah,berbenah,,
riview,review,,
iedul,idul,,
nemenin,menemani,,
bokap,ayah,,
mensejahterakan,menyejahterakan,,
erak,era,,
teraatur,teratur,,
mantuul,mantap,,
aph,apa,,
kha,kak,,
dolaarrr,dolar,,
piyen,bagaimana,,
kabare,kabar,,
roomnya,ruangnya,,
lamaaaaaa,lama,,
traking,pelacakan,,
catet,catat,,
startegis,strategis,,
seringnya,sering,,
sinii,sini,,
pelayanannyaa,pelayanan,,
cepatt,cepat,,
selaluuuu,selalu,,
adsene,adsense,,
mksih,makasih,,
halamannya,halaman,,
neduh,teduh,,
greting,greeting,,
gooardian,guardian,,
mantaap,mantap,,
kanopinya,kanopi,,
wao,wow,,
semsrang,semarang,,
doelu,dulu,,
timurnya,timur,,
letjend,letjen,,
telegrap,telegraf,,
sekal,sekali,,
setrategis,strategis,,
dialamat,di alamat,,
dnegan,dengan,,
wkwkw,,,
assamuallikum,assalamualaikum,,
jamberapa,jam berapa,,
yha,ya,,
diperbagus,diperbaiki,,
sbelum,sebelum,,
mnjadi,menjadi,,
wrna,warna,,
orens,oranye,,
koperatif,kooperatif,,
dijaman,di zaman,,
bukak,buka,,
perhatiannya,perhatian,,
tinggalan,peninggalan,,
wheelchair,kursi roda,,
yogjakarta,yogyakarta,,
dberikan,diberikan,,
mahgrib,magrib,,
eksteriornya,eksterior,,
obyek,objek,,
meliwatinya,melewatinya,,
latarnya,latar,,
stategis,strategis,,
starategis,strategis,,
baratnya,barat,,
monunen,monumen,,
utaranya,utara,,
instagrameble,bagus,,
crossnya,cross,,
genk,geng,,
maupul,maupun,,
bootloop,rusak,,
niksim,miskin,,
pembukaannya,pembukaan,,
bks,bungkus,,
acc,diterima,,
eval,evaluasi,,
mengap,mengapa,,
kariawanya,karyawannya,,
meminimalisir,meminimalkan,,
tangannya,tangan,,
separuhnya,separuh,,
peresmiannya,peresmian,,
beribadat,beribadah,,
dwkat,dekat,,
saranya,sarannya,,
amiin,amin,,
persayaratannya,persyaratannya,,
ekspedisinya,ekspedisi,,
mengcopy,menyalin,,
pandemik,pandemi,,
tempatny,tempatnya,,
adeeem,dingin,,
diarahin,diarahkan,,
lunasin,lunasi,,
kembaliin,kembalikan,,
temennya,temannya,,
etilangnya,e-tilangnya,,
slurrr,,,
gampang,mudah,,
prosedurnya,prosedur,,
tamah,ramah,,
bangeths,banget,,
miles,,,
segralah,segeralah,,
pelanggannya,pelanggan,,
expdisi,ekspedisi,,
dahh,sudah,,
ngadem,meneduh,,
haltenya,halte,,
jaaa,jasa,,
berselfie,swafoto,,
patungnya,patung,,
semangaattt,semangat,,
sangatbaik,sangat baik,,
lairan,kelahiran,,
ngobrolin,membicarakan,,
layarnya,layar,,
gerakin,gerakkan,,
sape,siapa,,
tempaynya,tempatnya,,
setiapkali,setiap kali,,
melsyani,melayani,,
transaksinya,transaksi,,
masukinya,memasuki,,
diujung,di ujung,,
seekonomis,se ekonomis,,
mantappp,mantap,,
bertempatan,bertepatan,,
siip,sip,,
nyrobot,menyerobot,,
nanyak,nanya,,
kartor,kantor,,
resiko,risiko,,
pencinta,pecinta,,
langitx,langit,,
pemeeintah,pemerintah,,
banegt,banget,,
eitss,,,
yess,,,
terpercayalah,terpercaya,,
disainnya,desainnya,,
josss,jos,,
okeaayy,oke,,
kepelosok,ke pelosok,,
susana,suasana,,
doleo,dulu,,
natherland,netherland,,
pusqt,pusat,,
arsitekturnta,arsitekturnya,,
telefoonkantoor,telepon kantor,,
sapkrep,sabuk pengaman,,
kekigadget,kaki gadget,,
harikah,hari kah,,
kerenstr,keren sekali,,
dilayanan,di layanan,,
pokoknta,pokoknya,,
mantulah,mantap lah,,
diakal,akal,,
dipintu,di pintu,,
tmpatkab,tempatkan,,
menginfokan,memberitahukan,,
pulak,pula,,
ngprint,mencetak,,
ngehubungin,menghubungi,,
jugak,juga,,
duren,durian,,
kumplit,komplet,,
josslah,jos lah,,
sekuuuuuuuuuuuuuuuuuuuuuuuuuuuuuuuuuuuuuuuuuuuuuuuuuuuuuuuuuuuuuuu,,,
materei,materai,,
pebisol,pebisnis,,
atk,alat tulis kantor,,
disudut,di sudut,,
maaaaaannntaaaabbbbb,mantap,,
sudzon,suuzon,,
khayan,khayalan,,
indentik,identik,,
sprti,seperti,,
mrupakan,merupakan,,
brhalu,berhalu,,
dzaman,zaman,,
trjaga,terjaga,,
aktifitasnya,aktivitasnya,,
sukak,suka,,
jarah,ziarah,,
bosen,bosan,,
saor,sayur,,
markocop,markotop,,
terbaiiiik,terbaik,,
encang,paman,,
encing,bibi,,
enya,iya,,
mantaplah,mantap lah,,
mantaps,mantap,,
kantorny,kantornya,,
dimalam,di malam,,
kamaren,kemarin,,
pis,damai,,
teimakasih,terima kasih,,
selau,selalu,,
jastip,jasa titip,,
pelayanannnya,pelayanannya,,
mensupport,mendukung,,
petugassangat,petugas sangat,,
termakasih,terima kasih,,
bangnan,bangunan,,
setau,setahu,,
aestetic,estetik,,
sanat,sangat,,
pelayanany,pelayanannya,,
berswa,swafoto,,
prov,provinsi,,
bebakulan,berjualan,,
minggupun,minggu pun,,
pelayanana,pelayanannya,,
beroperasional,beroperasi,,
bangunanan,bangunan,,
duhh,duh,,
ambl,ambil,,
co,,,
tnpa,tanpa,,
trimaksih,terima kasih,,
kuar,keluar,,
kereeenn,keren,,
terketak,terletak,,
oikumene,oikumenis,,
youtobe,youtube,,
nungguiin,menungguin,,
nabung,menabung,,
pasarbaru,Pasar Baru,,
tinggkatkan,tingkatkan,,
posbloc,Pos Bloc,,
brangkat,berangkat,,
kir,kirim,,
suratn,surat dan,,
diantaranya,di antaranya,,
pemyran,pembayaran,,
angg,,,
kepuadan,kepuasan,,
dikantorpos,di kantor pos,,
kendaran,kendaraan,,
sembilanpuluhan,1990-an,,
inl,ini,,
persatu,per satu,,
perusahan,perusahaan,,
nyama,nyaman,,
sekrang,sekarang,,
cofee,coffee,,
tmpatnya,tempatnya,,
nongki,nongkrong,,
syantik,cantik,,
teruuuss,terus,,
berterimakasih,berterima kasih,,
dm,chat,,
nd,dan,,
topup,top up,,
wahh,wah,,
posblock,Pos Bloc,,
pointlab,Point Lab,,
mobilenya,mobilnya,,
euyyyyyy,euy,,
keblokir,terblokir,,
dijaktim,di Jaktim,,
terjangkaku,terjangkau,,
mantebb,mantap,,
pisan,sekali,,
ramenya,ramainya,,
rhob,banjir,,
lightingnya,pencahayaannya,,
pelananya,pelayanannya,,
parkiranya,parkirannya,,
yuhhuu,hore,,
setlh,setelah,,
cemilan,camilan,,
kpada,kepada,,
jop,,,
ofice,office,,
prlayanan,pelayanan,,
sagat,sangat,,
adzan,azan,,
mushola,musala,,
berjamaah,berjemaah,,
ripiw,review,,
okedeh,oke deh,,
gaeeeees,guys,,
cucok,cocok,,
benaran,benar,,
oren,oranye,,
disaranin,disarankan,,
selesei,selesai,,
oranglain,orang lain,,
apes,sial,,
arek,anak,,
memeuaskan,memuaskan,,
lainl,lain-lain,,
meras,merasa,,
suasanha,suasananya,,
ngeliat,melihat,,
musholq,musala,,
dilertarikan,dilestarikan,,
betsarah,,,
kgn,kangen,,
ngurusnya,mengurusnya,,
ven,van,,
makasii,makasih,,
nampak,tampak,,
peyanan,pelayanan,,
dikarenakan,karena,,
bgn,bangun,,
alhamdulilah,alhamdulillah,,
kknya,KKN-nya,,
postpay,pospay,,
helpfull,helpful,,
juaraaaa,juara,,
bukkk,bu,,
antah,entah,,
datangin,datangi,,
materaibbisa,materai bisa,,
wr,warung,,
jna,jne,,
transferan,transfer,,
cepar,cepat,,
terpecaya,terpercaya,,
nazegellen,,,
bangus,bagus,,
berbaik,berbaik hati,,
psisimonline,PSISIM Online,,
ngejelasin,menjelaskan,,
kereen,keren,,
bsr,besar,,
tlfonya,teleponnya,,
terimakaih,terima kasih,,
brpakah,berapa kah,,
kdepan,ke depan,,
securitinya,sekuritinya,,
petugasny,petugasnya,,
dijanjiin,dijanjikan,,
qualitas,kualitas,,
pickupnya,jemputannya,,
gedhe,besar,,
pokoke,pokoknya,,
ngira,mengira,,
mesjid,masjid,,
ngantrii,mengantre,,
buset,,,
okw,oke,,
locomotief,lokomotif,,
pelayanaannya,pelayanannya,,
oyomatis,otomatis,,
yukk,yuk,,
semangatt,semangat,,
sekuritynya,sekuritinya,,
diestimasikan,diperkirakan,,
mantabb,mantap,,
ditujuan,di tujuan,,
indiehome,indihome,,
makasihh,makasih,,
yogja,Yogyakarta,,
mendapakan,mendapatkan,,
menghianati,mengkhianati,,
kantornpos,kantor pos,,
chatnya,pesannya,,
gurihhh,gurih,,
maau,mau,,
trobel,masalah,,
penambilan,pengambilan,,
uaang,uang,,
krimian,kiriman,,
trasa,terasa,,
infoin,informasikan,,
uyk,yuk,,
klok,kalau,,
nyemil,ngemil,,
kmaren,kemarin,,
dterima,diterima,,
ahad,minggu,,
kalteng,Kalimantan Tengah,,
european,Eropa,,
semiga,semoga,,
vibes,suasana,,
kentel,kental,,
murahada,murah ada,,
mengubungi,menghubungi,,
mario,Mario (nama),,
disebrang,di seberang,,
pelayanannta,pelayanannya,,
oceania,Oseania,,
pelayanananya,pelayanannya,,
petloknya,petugas loketnya,,
 nyaa,nya,,
pelanan,pelayanan,,
terjangakau,terjangkau,,
sangatt,sangat,,
sebelun,sebelum,,
ktrpos,kantor pos,,
mantapsss,mantap,,
dipickup,dijemput,,
palayannnya,pelayanannya,,
puaass,puas,,
liburpun,libur pun,,
diisini,di sini,,
narik,tarik,,
siapin,siapkan,,
minusnya,kekurangannya,,
ngezoom,melakukan zoom,,
sat set,cepat,,
satset,cepat,,
ditambahin,ditambahkan,,
posind,Pos Indonesia,,
kc,Kantor Cabang,,
storynya,ceritanya,,
pernh,pernah,,
umroh,umrah,,
cas,isi daya,,
nopember,November,,
haritage,heritage,,
gedunganya,gedungnya,,
dicariin,dicari,,
terlegend,legendaris,,
unyunya,lucunya,,
peronlinenan,daring,,
khusunya,khususnya,,
baguan,bangunan,,
basa,bahasa,,
ita,kita,,
selogan,slogan,,
syemanggaaat,semangat,,
pamprih,pamrih,,
mengasih,memberi,,
tdk,tidak,,
yg,yang,,
ga,tidak,,
dstu,di situ,,
gak,tidak,,
d,di,,
sy,saya,,
&,dan,,
dgn,dengan,,
nay,nya,,
utk,untuk,,
gk,tidak,,
jd,jadi,,
jg,juga,,
dr,dari,,
krn,karena,,
aja,saja,,
karna,karena,,
udah,sudah,,
kmr,kamar,,
g,tidak,,
dpt,dapat,,
banget,sekali,,
bgt,banget,,
kalo,kalau,,
n,dan,,
bs,bisa,,
oke,bagus,,
dg,dengan,,
pake,pakai,,
sampe,sampai,,
dapet,dapat,,
ad,ada,,
lg,lagi,,
bikin,membuat,,
tak,tidak,,
ny,nya,,
ngga,tidak,,
nunggu,tunggu,,
klo,kalau,,
blm,belum,,
trus,terus,,
kayak,seperti,,
dlm,dalam,,
udh,sudah,,
tau,tahu,,
org,orang,,
hrs,harus,,
msh,masih,,
sm,sama,,
byk,banyak,,
krg,kurang,,
kmar,kamar,,
spt,seperti,,
pdhl,padahal,,
chek,cek,,
dteng2,datang-datang,,
pesen,pesan,,
kran,keran,,
gitu,begitu,,
tpi,tetapi,,
tapi,"tetapi,",,
lbh,lebih,,
tmpt,tempat,,
dikasi,dikasih,,
serem,seram,,
sya,saya,,
jgn,jangan,,
dri,dari,,
dtg,datang,,
gada,tidak ada,,
standart,standar,,
mlm,malam,,
k,ke,,
kl,kalau,,
sgt,sangat,,
y,ya,,
krna,karena,,
tgl,tanggal,,
terimakasih,terima kasih,,
kecoak,kecoa,,
pd,pada,,
tdr,tidur,,
jdi,jadi,,
kyk,seperti,,
sdh,sudah,,
ama,sama,,
gmana,bagaimana,,
dalem,dalam,,
tanyak,tanya,,
taru,taruh,,
gede,besar,,
kaya,seperti,,
access,akses,,
tetep,tetap,,
mgkin,mungkin,,
sower,shower,,
idup,hidup,,
nyaaa,nya,,
baikk,baik,,
hanay,hanya,,
tlp,telepon,,
kluarga,keluarga,,
jln,jalan,,
hr,hari,,
ngak,tidak,,
bli,beli,,
naro,taruh,,
telpon,telepon,,
nlpn,telepon,,
nelpon,telepon,,
ktr,kantor,,
kntr,kantor,,
cb,coba,,
bgs,bagus,,
mntp,mantap,,
jlk,jelek,,
smp,sampai,,
ane,saya,,
gw,saya,,
gua,saya,,
dah,sudah,,
jelek.,jelek,,
lntai3,lantai 3,,
1lagi,1 lagi,,
lembaga pemerintag,lembaga pemerintah,,
payah.,payah,,
paket,paketnya,,
blum,belum,,
pki,pakai,,
knp,kenapa,,
smpai,sampai,,
lmbat,lambat,,
dijakarta,di Jakarta,,
kerjanya,kerja nya,,
cust,customer,,
servis,service,,
konco,kawan,,
Emang,Memang,,
Gk,Nggak,,
Gmn,Gimana,,
rmh,rumah,,
krj,kerja,,
br,baru,,
kt,kita,,
ato,atau,,
map,map coklat,,
sn,sana,,
payanan,pelayanan,,
pertimbanhkan,pertimbangkan,,
telfon,telepon,,
kagak,nggak,,
bodo,bodoh,,
bnyak,banyak,,
internet,internetnya,,
m,mempermudah,,
brp,berapa,,
drpd,daripada,,
brt,berat,,
tlpn,telepon,,
alamatnya,alamat,,
mentang,mentang-mentang,,
operator e,operatornya,,
kedubrak,Kedodoran,,
exspress,express,,
perna,pernah,,
payahhhhh.,payah,,
cs,customer service,,
tidakdapat,tidak dapat,,
ny,nya,,
pt.posindonesia,pt. pos indonesia,,
krm,kirim,,
posindonesia,pos indonesia,,
nyuruh,menyuruh,,
yasudah,ya sudah,,
saya bilang,saya berkata,,
tasikmlaya,tasikmalaya,,
jwb,jawab,,
mdl,modal,,
tdi,tadi,,
seprti,seperti,,
telfn,telepon,,
no,nomor,,
mga,semoga,,
negata,negara,,
proaea,proses,,
ka tor pos,kantor pos,,
sms,saya,,
mag,melalui,,
fb,facebook,,
syr,saya,,
benerin,benar,,
indoanesia,indonesia,,
Posgiro,Pos Giro,,
ambill,ambil,,
bsknyanya,besoknya,,
keesookan,keesokan,,
ujung2nya,ujung-ujungnya,,
ngejawaab,menjawab,,
kostumer,customer,,
custemer,customer,,
ditoellpn,ditelpon,,
hppp,hape,,
mgunakan,menggunakan,,
perlune,perlu,,
skrng,sekarang,,
malaes,males,,
ngantar,mengantar,,
3hari,tiga hari,,
tmpat,tempat,,
kesitu,ke situ,,
beangnya,biayanya,,
skali,sekali,,
telp,telepon,,
lum,belum,,
dibilang,dikatakan,,
cma,cuma,,
mw,mau,,
ape,apa,,
resek,rese,,
bakalan,akan,,
ky,kayak,,
sth,setelah,,
nyampe,sampai,,
simten,sistem,,
d tanggapi,ditanggapi,,
2minggu,dua minggu,,
2bln,dua bulan,,
msih,masih,,
smpe,sampai,,
blom,belum,,
lah,saja,,
dteng,datang,,
dn,dan,,
dtrima,diterima,,
ats,atas,,
nma,nama,,
nm,nama,,
tlfon,telepon,,
d angkat,diangkat,,
slh,salah,,
kcewa,kecewa,,
cek,periksa,,
anter,antar,,
di anter,diantar,,
di tahan2,ditahan-tahan,,
giliran,ketika,,
ngambil,mengambil,,
koq,kok,,
skarang,sekarang,,
seh,sih,,
Endonesah,Indonesia,,
smpe2,sampai-sampai,,
ngendep,mengendap,,
dkt,dekat,,
Telfon,Telepon,,
di retur,diretur,,
di antar2,diantar-antar,,
tlpon,telepon,,
sprt,seperti,,
sdah,sudah,,
sminggu,seminggu,,
lbih,lebih,,
smpt,sempat,,
sayamalah,saya malah,,
dkembalikan,dikembalikan,,
brng,barang,,
poa,pos,,
ktne,katanya,,
brg,barang,,
eksoedisi,ekspedisi,,
nggak,tidak,,
tlg,tolong,,
ajh,aja,,
mislkan,misalkan,,
trmksh,terima kasih,,
sampek,sampai,,
gabisa,tidak bisa,,
WU,Western Union,,
gnya,tidak-nya,,
dipelayanan,di pelayanan,,
dibelakng,di belakang,,
bknya,bukannya,,
sby,Surabaya,,
ktnya,katanya,,
pengirimin,pengiriman,,
sloooww,slow,,
"berbelit""",berbelit-belit,,
dtng,datang,,
ampe,sampai,,
bsok,besok,,
goblokk,goblok,,
bangeeet,banget,,
yaudah,ya sudah,,
gniat,tidak niat,,
kenkantornya,ke kantornya,,
gni,begini,,
ampas,buruk,,
gedor2,gedor-gedor,,
klakson2,klakson-klakson,,
di anter2,diantar-antar,,
bngt,banget,,
pket,paket,,
dtelpon,ditelepon,,
didiemin,dibiarkan,,
bsk,besok,,
di tlp,ditelepon,,
sbnrnya,sebenarnya,,
brang,barang,,
lmpung,lampung,,
dtuju,dituju,,
dteruskan,diteruskan,,
pk,pakai,,
mudik,pulang kampung,,
kerumah,ke rumah,,
maketin,mengirimkan,,
ngapalin,menghapal,,
trs,terus,,
dikirimnya,dikirim,,
kmrin,kemarin,,
kmrn,kemarin,,
gausah,tidak usah,,
gaakan,tidak akan,,
kenk,ke,,
bru,baru,,
byaar,bayar,,
brgnya,barangnya,,
bsa,bisa,,
jng,jangan,,
dt,datang,,
res,resi,,
gmna,bagaimana,,
bkin,bikin,,
mkn,makan,,
bnr2,benar-benar,,
pliz,please,,
kapok,jerah,,
ngendon,mengendap,,
cus,customer,,
mnding,mending,,
kirimnya,dikirim,,
neng,adik,,
cepet,cepat,,
dkirim,dikirim,,
kirimny,pengirimannya,,
mlah,malah,,
kiriman,paket,,
sb,sudah,,
tnggl,tanggal,,
trnyata,ternyata,,
bln,bulan,,
dktr,dekat,,
sni,sini,,
km,kamu,,
lo,kamu,,
smua,semua,,
kmna,ke mana,,
tln,tolong,,
dkirim2,dikirim-kirim,,
kjra,kerja,,
sbnr,sebenar,,
masi,masih,,
btul,betul,,
kmren,kemarin,,
dtruskan,diteruskan,,
yng,yang,,
pakrt,paket,,
mnt,minta,,
pelayananx,pelayanannya,,
barng,barang,,
skr,sekarang,,
ktanya,katanya,,
dhlm,dalam,,
komplen,komplain,,
negri,negeri,,
nmr,nomor,,
na,nya,,
pmbyrn,pembayaran,,
dkasih,diberikan,,
antebin,diabaikan,,
kga,tidak,,
pryanan,pelayanan,,
tidk,tidak,,
ccd,cacat,,
ngentddd,ngentot,,
dkembalikn,dikembalikan,,
trlebih,terlebih,,
d-sms,di-sms,,
nyampenny,sampainya,,
gue,saya,,
aj,saja,,
kmana,ke mana,,
mao,mau,,
gimana,bagaimana,,
kpn,kapan,,
nih,ini,,
ngapaen,ngapain,,
kalaw,kalau,,
kg,tidak,,
dksh,dikasih,,
lembr,lembar,,
cuman,hanya,,
si,sih,,
dkasi,diberi,,
gt,tidak,,
ni,ini,,
pdhal,padahal,,
batalin,batalkan,,
ditelpon,ditelepon,,
diteleponin,ditelepon,,
parahhh,parah,,
bangat,banget,,
dtelponin,ditelepon,,
swtiap,setiap,,
hadeuhh,hadeuh,,
kevewa,kecewa,,
jwab,jawab,,
bgst,bangsat,,
gaada,tidak ada,,
masak,masa,,
alesannya,alasannya,,
gimana deh,bagaimana,,
haha,ha-ha,,
coi,coy,,
digeletakin,digeletakkan,,
jutek-jutek,jutek,,
ambyarr,ambyar,,
yaampun,ya ampun,,
sma,sama,,
aza,saja,,
kerja lelet,kerjanya lambat,,
ga bagus,tidak bagus,,
gak sampai2,tidak sampai-sampai,,
pwt,purwokerto,,
pbg,pekalongan,,
mksudnya,maksudnya,,
mbok,sebaiknya,,
makanya,maka dari itu,,
ja,saja,,
brat,banget,,
amit amit,amit-amit,,
sani,sana,,
loh,lho,,
kapokk,kapok,,
lelet,lambat,,
susah dihubungi,sulit dihubungi,,
enggak,tidak,,
engk,tidak,,
someday,nanti,,
lha,lah,,
ga nyampe,tidak sampai,,
nyampenya,sampainya,,
paketan,paket,,
alamatnya ga lengkap,alamat tidak lengkap,,
pelayananya,pelayanannya,,
alamat ga lengkap,alamat tidak lengkap,,
alamat gak lengkap,alamat tidak lengkap,,
pelayanannya ga jelas,pelayanannya tidak jelas,,
pelayanan buruk,pelayanannya buruk,,
parahhhh,parah,,
pelayanan jelek,pelayanannya buruk,,
tai,buruk,,
tai kucing,sangat buruk,,
mbanya,mbaknya,,
ga ngenakin,tidak mengenakkan,,
custumer,customer,,
kaya driver2,seperti para driver,,
nulis nama,menulis nama,,
parah banget,sangat parah,,
makin ngawur,semakin kacau,,
ga ada,tidak ada,,
mandi keringet,berkeringat,,
pelayanan nya,pelayanannya,,
ngirim,mengirim,,
gini,begini,,
gak mau,tidak mau,,
loket hantu,loket kosong,,
pelayanan prima,layanan prima,,
kapan,sejak kapan,,
nyantol,terhenti,,
berhari,berhari-hari,,
td,tadi,,
ditlp,ditelepon,,
bgtu,begitu,,
dkrim,dikirim,,
dhl,padahal,,
lgsg,langsung,,
pda,pada,,
smrg,semarang,,
mlng,malang,,
cuma,hanya,,
grgr,gara-gara,,
dhhbungi,dihubungi,,
kaga,tidak,,
bbrp,beberapa,,
bkn,bukan,,
pn,pun,,
materii,materai,,
cuiuui,cukup,,
mater,maret,,
trma,terima,,
truss,terus,,
anu,itu,,
ono,itu,,
lho,loh,,
mpospay,pospay,,
trimakasih,terima kasih,,
bnyk,banyak,,
lagi2,lagi-lagi,,
nggk,tidak,,
ne,ini,,
ki,ini,,
opo,apa,,
taukah,tahu kah,,
lgi,lagi,,
mls,malas,,
dateng2,datang-datang,,
kurirny,kurirnya,,
seenggaknya,setidaknya,,
dong,lah,,
kuyup,basah,,
info,informasi,,
staff,staf,,
pasien,kesabaran,,
mengerikan,buruk,,
jga,juga,,
dh,sudah,,
lemot,lambat,,
sampe2,sampai-sampai,,
pdahal,padahal,,
hadeuhhh,aduh,,
padhl,padahal,,
aturankan,aturannya,,
nanyain,menanyakan,,
menau,mengetahui,,
belom,belum,,
nanya,bertanya,,
donk,dong,,
sibuk,sedang sibuk,,
ekspedisi,jasa kirim,,
costumer,customer,,
songong,sombong,,
madih,masih,,
knpa,kenapa,,
asw,anjing,,
oy,hei,,
kirim,mengirim,,
ngecek,memeriksa,,
blagak,berlagak,,
doank,saja,,
kucuk,berjalan pelan,,
anjir,waduh,,
lhh,lah,,
gx,tidak,,
pak,bapak,,
bu,ibu,,
nexday,next day,,
perbaikilh,perbaikilah,,
jngn,jangan,,
kecewakn,mengecewakan,,
dimna,di mana,,
tsb,tersebut,,
ngepos,mengirim,,
mba2,mbak-mbak,,
bapak2,bapak-bapak,,
amburadul,kacau,,
custumor,customer,,
trening,training,,
keblakang,ke belakang,,
sequrity,security,,
myenangkann,menyenangkan,,
pek,paket,,
aoa,apa,,
buble,bubble,,
ekpresi,ekspresi,,
capeknya,kelelahannya,,
malih,lagi,,
noll,nol,,
dikit,sedikit,,